{
   "ges:centroid": {
      "ges:mean": 5914.8196159791,
      "ges:std_dev": 5700.2390058073
   },
   "ges:amplitude": {
      "ges:mean": 0.13523464474578,
      "ges:std_dev": 0.016830402467034
   },
   "ges:flatness": {
       "afv:mean": 0.3925478136907,
       "afv:std_dev": 0.3746715293635
   },
   "ges:mfcc": {
      "ges:number_of_coefficients": 20,
      "ges:number_of_frames": 1,
      "ges:mean": [
           0.24991294270518,
           0.20877340546602,
           0.097584896598726,
           0.13805128597532,
           0.13194473000397,
           0.18053718867397,
           0.19133090228207,
           0.19727626219741,
           0.20104628733833,
           0.17339122374443,
           0.1216056472046,
           0.12153347269233,
           0.15588755729416,
           0.19016679694717,
           0.18082275500444,
           0.15562287572923,
           0.14607367560651,
           0.14822985752711,
           0.14760973488378,
           0.14896856678951
      ],
      "ges:std_dev": [
           0.19326777952862,
           0.1880813565622,
           0.00027676730888511,
           0.036872405635246,
           0.071736139367657,
           0.11451219375214,
           0.13394933942589,
           0.16157457811747,
           0.14877596639019,
           0.12312159868398,
           0.079245036432769,
           0.091418929265865,
           0.13901529125918,
           0.17560558172693,
           0.16295388910576,
           0.14342083746765,
           0.12563668491259,
           0.12732121764002,
           0.12784603971497,
           0.13683764550716
       ]
   }
}